sharing_id,user_id,book_id
1,8958776e359aa5758467939af0764a44,1
2,27263c580f3b851301a0e4e366402230,1
3,287b488c044d591a8516ab42e8ff44de,1
4,f993fca61117b679f7cd6ea53fcbd77c,1
5,5aeb06f76ea932e9964b6c97d31b2b16,1
6,0325cf7b71a5aa587a4e59a76bfecb8e,9282
7,b47763a04766b5e757bb9ce1a51d3480,11333
8,3ae13f6292d34587a5785bfeeffe4f56,15159
9,ba15e061d6d2a0ef24556c03e3f6e9ef,23000
10,3fae1118ead5dd3cca585fdb74320c54,26862
11,4d8d0e6d1d2cd6d23e91f54296d19ad1,32355
12,db04a4892595ef707bd237f9b7425f12,38583
13,8aabe700d33e53588ce5da002e429cd3,44616
14,9ebb0f665eceea9ef0a480dd3f5243ac,50782
15,b8c787a60c60d66d37a87700bacd6a32,53835
16,10939c510738ac67298b3e326a0c84c9,59093
17,2c92c575cfee9e74475aba6dce739765,65931
18,217c5c00222d789b2905e6827934649f,70239
19,13c5fc82f45b62201b4654d1dd81c703,86443
20,6e8bf3947bc39a0d61f761c1b9480efc,91717
21,3df8679b3c9466d9fd9dbf911a307db4,92873
22,3fca983e7e838975f00b214eb4fafc44,92958
23,04fbdcd9f0bee5a4d10fa8f14dd7c767,94241
24,a6b72347b41a220a0a511a3e85d36dce,107422
25,8ecca3c8e8ba318a6affd9d40a3efe53,113785
26,9d662c0f704742df2ba1e9e780f33394,122649
27,f28da73a560e2e10f79f9f7dae1c0db9,126918
28,fa027623f640c55b915faad1f9561487,132810
29,9bb46069e69f508ef0132649e42d0921,133490
30,b8dc984e18ecbfb0b4d5679f6e79ed05,143475
31,33493bd83690a1bc4f9ef395a71f06f1,150274
32,8cac8d4cfaedd6cd4feea7055382ecfb,157984
33,4ded98d7af160ee8b4703ca8e708d0c2,176832
34,0979b46dbb618b206cf9e880cd0658e9,191426
35,996c27e70d8f1dd0165f085760cd2040,207933
36,7c9ac5714566ff2fbf7294874d87c7ca,216330
37,8464027f5dfdf5c17d592cb9c0bffcfd,222891
38,c20911cc4e30e371d899e82f99a19f64,240746
39,61d0de1832625187f6796fbc0d577194,261871
40,7ed93bc0f477cfe5991d78eecb2868c6,262554
41,b3aab0d35fff98353f39f299f3e8ea21,264319
42,5a78b66e2d5a6503925fe53de8865efc,264756
43,1db8e7577cd25831701ae8c5b32016d2,272283
44,67130ca614952677705f31a2e0ae1788,281474
45,2db0f5486a1dc9063ee91e9d63c3dff8,284179
46,5f6d7c0b5164a73e730c217177691d1d,285560
47,fa7ef55d4a7d65a469b7f7e35cc04a48,291885
48,78859cb05bb523cda5931baef3578dad,305913
49,1f3fb25ea5ffd94d04cfc322d44acaae,310043
50,36196ec99985d8cfa9e403da9c878724,320788
51,5192a66bcdf68aa388f43451fd28d3fb,356971
52,d8cae7f23d9789af2d0b802fa41b5d86,361694
53,cf69fa9cce64a6ba662dab565664f80c,367851
54,1c26f833fa7e5a4addd942af8de2ebeb,374817
55,de89a567efe65835e0a509d3a2552c10,384233
56,3e9ecd9d9d6b10f2d5e6706d2b1b68d2,389549
57,0bf84e9ac8817284aaa78ad2e208d7d2,391168
58,7b14e6a69fbbbfc3aacad5baaa15f04c,415909
59,5d402660a2e4f1e187b3da5f9447f7eb,434261
60,3413f5a73a010c433e4400a38fbd85fd,435643
61,1fdc533d586f3bdea509db8100388ff2,436620
62,f3244eab29a3e6d4b1d60bfd4ec28cf5,443371
63,01ed571b68365af82bcf1cc9b5b2849b,445335
64,08c073b8b9e1f36f1460ab1dec902466,456051
65,4b36ee8012085572f0e9838211913f28,460512
66,1d26578e7252d034fd106160ba222337,463057
67,96f6f04bf39e240bb89a2c27834ef1fb,463593
68,9942c87c7ca9e6ce716d957f7a05a576,490399
69,227cae921ac8431458cbbd5b6f7f5841,534941
70,a6dbf9df7e50098e734f88aac7899929,563840
71,c8f76e2130cda11af16fca1314e6260a,566202
72,923c70ec1eab5c6abf0c9086fe062f1a,570521
73,ce29b09996ce3819f595e6de2b4d2766,584382
74,c5d167f49c39d09b44dbb465a995d893,593172
75,b0e0a7d2400bd6af6c87ab0e2b1eafa2,596238
76,1d26578e7252d034fd106160ba222337,598893
77,1628242d85dfc97c47ce62a76fe33db3,601436
78,72a0fd0fd21d65fe485af9dcd7036776,605813
79,61baa816357c064c30071c0b46282c18,621655
80,a996132e54df9710ef64b794cc28fa6c,621740
81,eb375ba6562dde885e6ee98940d6b66f,631127
82,54b5813619e5b04e5ca7c5569921d557,641710
83,1e074d6ea36932b6a70d554358aee21e,652609
84,7717d25ff5f8754ffd4257b95a5519d8,656903
85,3cf91d59b2f07c1c50f53e09fd4a80e0,702848
86,edc762442c52e6499a2c99527752be8d,713028
87,2a99e960f4410ae8167063babccdc532,732928
88,d74795522ea52dc7402e4e52f40d8e80,733503
89,2fe6a7b38b36c4160105494114a29669,734696
90,27a47a7d6a2d155b71ed2747cbfa745d,754632
91,e3103b3dcb418b148d209c3a20951e64,755002
92,9839ebe2e7743a03cb0c6186ba984a2c,758237
93,228fbc8e0b13fdc0257d05cd0b6b9e0c,770688
94,4fa305ba53cf2c86f831f6fd64521e1a,771367
95,cd686012f1e28c7af48ec99afb3fc58d,772029
96,0bf84e9ac8817284aaa78ad2e208d7d2,780344
97,9169b99c527ef8c057f2f806a8b56c6c,806608
98,eee912cc630fadaaf6f896b71ecf43ac,821557
99,aa259d88991de9ec7b571b570d6ef822,823351
100,8e4187ebefed72e4626c007ce1c242a8,838444
101,b41b2c5ec049ecaded461db5dc35b9f2,845025
102,f0ac2ff9144f6e634ff92e7dc1642b14,850038
103,61c96c3a97950d1c8e6fdc76298e5c18,859561
104,15821e67ff99e31dc2bef2872973664e,868239
105,5574a42d9e9ed5002a1bc2e93f2cd459,871791
106,eb0598d3e70f1430f348eed0455e2f84,890099
107,c83ddbbbbbcecca148997179b8f99b00,892163
108,4dfbfbd41d614dbaac5c63a0ed2f9ce3,943448
109,bb6d6aff1796afcef9be44b29486e7d9,947148
110,f9c95a94ed2bc3f2738830692acea0d8,947489
111,3fc6a8e8d34ed0fc34aa9d020fb65dfe,965038
112,ecd7e4194ac61152d8c36e1e9638aff7,968902
113,7c24c0527c6f3114c1cd849973d4c872,978484
114,25a7ecfbfd336adcd9e6cedd418ec334,998794
115,e5166f727cd2c9ffb47401200f86e4ac,1017116
116,8ae48449c73fe1bbf85eba2ba99bf8ae,1031472
117,520fab3e29d130dc23756a0d700f524e,1074112
118,2eb9a40ef42cd57fae73f5cd6f22a329,1102182
119,5227115b35bc3ae5a164a97b70512fc9,1108813
120,11644659c624d1e3e12e5c9f54d3b4f0,1111589
121,b6eac1206c48719f9fc850f1a285ca51,1117686
122,cd3e2e1daae2578419ef28debdc4dfd7,1118348
123,897392fd34a5457c257e0b182c78a212,1121820
124,5eff46e767ffd37a5c55d96aafc32694,1149855
125,27d709f5e8b0c0e49083eea9bc3a0977,1150683
126,58bda7149ceb4ad76519c38d45aab235,1194061
127,45e7df475c9aae29328984cba94f3e86,1194727
128,1bc2eb9791aa0b5c66f8168de957f3d9,1203892
129,c95afdf340956901d3d972d8c3a8ed1b,1231957
130,7d24752c2b837d944c671214d9790e43,1241753
131,57f14c2f36f80c76da56e5cd97e34d7b,1282179
132,00fa3fd4032a936d89ccfef4d539e502,1295115
133,f00855892c09c6f802671033a5e685b7,1296486
134,b3eada378dc11b1971c7bf2c0bc21adb,1308042
135,01ed571b68365af82bcf1cc9b5b2849b,1314923
136,929ceeea693cd95f52f0c8b92ad90bdf,1318873
137,44c74db3590095a210534733843a31b2,1322337
138,bb2786273e615d5e31a7d88f999ae8a2,1340790
139,99e7230599ebe0be4c5234abb1399f74,1358099
140,b5c9068dcb97ef2c2ba76119220b3506,1371045
141,d68ad2b9a1cc92e5730639b0db81e1a2,1393125
142,1ba97db35ad7fdce1e5b265ed585bc70,1396969
143,d587e6bc07df397d86770be5d5f77f99,1405610
144,eeba3efe8fed5a296dc686c9ef77fa1c,1410164
145,53e93ba3abb36b0cf4442ddc4168ba03,1412971
146,a0782e75ae81f34de582b3ff35208144,1429645
147,44a491e8a5b9cf1a6085e296e0ef200e,1440882
148,00db3b372aa5b50cc78d2352b7df2921,1443435
149,98be0fa72ce816bba67c10ab2b36675c,1471356
150,fba0891299c5ba6869e91d0e5555fb82,1484149
151,2812c5318721bc722868a3151aa2d40d,1524135
152,77b4db8b849e7d8c6d320fd3ff056a89,1525531
153,7f4144262d41d1c7dd72012dbbff4412,1546271
154,4c16ac0eaae143011964c10567d803eb,1565276
155,071f6e162c851e5cf32a73a57316d928,1583684
156,4628d9bfad60acdf2290a112f1db5584,1625019
157,735091af6be1db880ecc0d693e4134a4,1635437
158,7875c5703269e1d526fa68c2e0a8b8b6,1641179
159,7a25f8a44b93841978d56c33b912759b,1649104
160,ec3271ec9710b3e028b025ef26b0898b,1650093
161,83f250742a45b4ae7b5ad98a49310e3b,1690904
162,309c2bebdd67001c2c366e7e717c7326,1691118
163,4e7b07a44676fa8090eeba2c285118a0,1718393
164,c4d73d589a0eec33a394bf304bd1516b,1721141
165,07f0f7951b28e75d3a765e6141d80db7,1737350
166,fb08a03927e389d9f7b9b739a3d88f4b,1746740
167,7c5eeb9afebd004f5bd183ffb6ec05b8,1806485
168,e2a617e05f59cc9abb58a4ef73f8efef,1809276
169,de392912aea7c8a9f313859bbd867425,1881138
170,2065672caac1d43cd48a241f7f617236,1895308
171,9d662c0f704742df2ba1e9e780f33394,1895833
172,35ad12ecc1e0c0e93cc40a8e286c5260,1907649
173,15d47d04f2715b04c336e361ea5d78c4,1959564
174,b3aab0d35fff98353f39f299f3e8ea21,1962529
175,7f3010ea2a45189241d29b36aedc0fcd,2003769
176,e7fad5d7a8aba59cf1629b5cb55cc914,2010714
177,25122dbdbacd8325a2f54b2e97ffd66e,2019773
178,4bcf8637f8e5548cabfc41f8cf2fa5bd,2021141
179,c9f17d4badcf6b3127a85300665fa990,2038451
180,7fb5f5a7d4808806c3b47dae8b3152d8,2066734
181,dd1d173a14815f00196d2d8fd018659f,2088145
182,4ba284c217e898fb1f11e2d9d3edad12,2100184
183,5a685ada0d46d004b07caa4021c73834,2102841
184,bd394e1d116daa11029ee6794c21f7f3,2108745
185,d363b5c9509e1d6804887db47a82f274,2125708
186,cdc7e398f5cf67a0ca92fb207d142914,2131661
187,24086bf0404f42f1cdc75972a28872f7,2155272
188,1bbc84981cb24303676f9901805ba37f,2164758
189,5b65d3707c6225afc9d605cff5ed6714,2172667
190,ac4e3d3add393a5b1f9341a9be61c199,2184289
191,184b6caa9ccdd854523de060910b13c4,2191637
192,25d3d1907003d386c542e3b5ec12748c,2204969
193,1eacaa7a85427b7a78db37a8a50eb54a,2205249
194,d526602316af80c2ab9ee04188670fae,2234047
195,7c777a35e1c8fab2d2bb19ddd2c4f895,2250454
196,0b3a3243e0d1787ce0c8bfc60db9326a,2267456
197,780c93876ae4c1c790f5f2b5befb61a8,2288124
198,8a1eb9fab89236e4b3cfb8f2f5dc4499,2332016
199,6d4eadd0a7910c708c23936f83294d14,2337746
200,aa2b916ba6af174c9425543c2842e60c,2356410
201,9ecca140951e1f05e063cec0b3044982,2364551
202,95efc88ef17d8f733ad134b54033ddc8,2372100
203,052674cf04d6c0f077fc1fe286d7ec69,2385194
204,48643d145d31b2c649ff3cb8134fe02e,2418750
205,d3ae636943d00660124e8b93ec536748,2439573
206,c34e47f415d103071dfa6cdd210f792f,2446312
207,f2611c02fafc6de04f3a507d02e53428,2520204
208,53772b97443a14a7e9c93f365142da25,2627653
209,0f4190f39c84b44bb41247a09f978f38,2665596
210,37da65048a85b88f017af5af00514d58,2675560
211,ce16d00ae0cfbffa2cf5326b26466d60,2684747
212,efa2a7005dc2d026677ebf465604bfdb,2716145
213,6c186d693a3e6ee337c565372cd6378c,2725982
214,75d2d9332ac17e2929bd97c54fa95ee8,2738354
215,bd4aa99df9aa0f61614934516acffcdc,2741182
216,e523de133e59cb55384abdecf6f6421d,2765184
217,987103ccb0c128c208e3bac344d07d8b,2773043
218,94dd99c825dace13ec0aed70c5b26885,2847901
219,4eb9555b6303639b3dda307009ded3fc,2877504
220,185923435b1cc537cf6d58de40195e76,2913163
221,06245db216d35014d1ea752859ba6934,2974080
222,bc102edca344c8af90af2a27348bd1da,2979873
223,321d9eb4d76ad2176c649f5af7caefa2,2990032
224,255c58ebde8f158aab1c4dbd28d2504f,3011040
225,d875b39a198ac930241963a4a482e4c2,3106557
226,8771040b6d4807c97f9bf375b2260e7e,3107859
227,67005b8e844e073403d0c9baff5f5d68,3111761
228,9e6acfde025251dd9c7001fb4c71bdb4,3120890
229,c591778bcd3d1cfd58c7a6106a7efe28,3128423
230,a05c07900cf39c324b5aaa686d275b00,3182987
231,73fb370bfab406024d3581501d8f7166,3257136
232,0537146cb68fd96584c03f240b0c5008,3298867
233,02cb514a882a7fdf8b1a21138f2ddc3d,3306412
234,e2831fa479b9d865b9a78af5d6fdfb97,3366239
235,d73a0d8482a50af41dea1141bf608889,3422291
236,85fd539a961b20ff9f6f6277046f0694,3424494
237,4035a10f13c15402f7ef7ba2ad57f4dd,3483283
238,f5c09f7388115baaeb9538f26972f2be,3577430
239,aa8c0637e4ab2ed770d5a56d6b4238ef,3584594
240,b24651ebceb567e114a929add9cdac4f,3615748
241,7a07df8b124aec6c713bda09b6e21154,3749418
242,1c4fd05dafbd31a6cadc72f4d2a87d15,3852089
243,99c7ef09957c5e298551749260d8259e,3891556
244,5c96ce881d3013cdc4de7cc38ad6dc97,3933688
245,b912e4f7ea5d9e79d18d7add8d368323,3933689
246,f604608ae66208426e5cbe6b4f17b3df,4015052
247,077743a675fc63bd2cafde59806557bb,4135883
248,98fd0ec71d0dcf1f02525bedadb689c0,4136540
249,8df4999ccf53ad563aae35a1e2ef102f,4206527
250,5e3e2170239c6dc1b75f9656cee18120,4288908
251,b16cb8c6428ac0dbd2b8afe7dc233aeb,4452594
252,907e988c7d7c5103a09f339e91acb18b,4485783
253,e08d660c56fc5ffc80a4b9873dcefdb6,4507446
254,cae83fad21a26802836367accb5c88a6,4583368
255,ec8b690d6709f5714fcf8d5ad7ba3fd1,4601679
256,713e57604ea72b69182c17e0d202fbbe,4698573
257,30c487f35c969a2a6ae055cc27523b52,4739495
258,22641d0ba1987769f899bf18efb099d3,4749167
259,06749b768ebc0e37af08f8316849de2e,4749809
260,82d0879d3f57a4127252be4982550396,4772286
261,f0d5da990bb8a54cb8e362f86a5f4d60,4980593
262,69e90c3d88025862363b35d76cf4f28c,5025884
263,de5634276df6d9c2cd80fa7d5c4b21e1,5116065
264,85eade06c0a454773a63f95d32c77478,5195307
265,3c4ccf1b515627ad2a32d3df030d5e12,5261852
266,d99c7f562f75dab8e3776d521d1c5d2e,5284353
267,5c7babb360bf5535407fada1f6349cc2,5585146
268,68692a33bbf20f550f067bcd750890ff,5711868
269,82aecf1599015838d9fa56448c1a07df,5726629
270,49ee985ca314012a6ce7db4daa97b83a,5743815
271,ee8679388e01d3a342eaeb94de170b7d,5900153
272,82d0879d3f57a4127252be4982550396,5970082
273,59e0a0f0a6d0c573d93e0d0d1cf5a739,5971264
274,b7450e6c8993c55025f9bf48b198649a,6022888
275,873cd063fc514193dd69f62fdaaee753,6024134
276,5e7e33d64283486631cabad63ea6001f,6046914
277,2360380e7d6fe5355e2f2a4c4c362cae,6092895
278,27232a666a7e2374e768aad339f115e2,6095476
279,edc762442c52e6499a2c99527752be8d,6111478
280,9d1a2a0293ff991f047e324f40392a19,6114318
281,c9f750dde46df0dadd98292df2e65e96,6120158
282,4b88a06ef2fe163c045fe0ea4986df68,6218106
283,df46e194539cbff111b0353cf2cae173,6270088
284,2008b145f2d7fe97064d89a7f5c7785d,6283478
285,55cef4c07f6eaeedb8ea76abee93fc82,6285750
286,40b77787e6e89c4666c4e63ea0e3fd73,6303674
287,3385551a1a48e2eae7ba746888d0e08a,6315916
288,0148bd534dac8f18b060d6b1b31d82bc,6330806
289,83127c486f662d47a7e22660e049be8b,6348465
290,bf800f8c9e0f7b7171a06f79b3110766,6351455
291,20f817600830a2aa7881dc17b887261d,6351910
292,c7adf7ced328015d8b8571add380d0df,6365857
293,e7dddf6c7dbef2b1f0b6bebaa7bfb6cb,6367115
294,1e1ca13af7f63a07d30b5d1da06d533b,6372742
295,b48670fd58de1fa651bfd65eb45fa8b9,6400064
296,2af7140e282a9014ba6b484655c49b5b,6439735
297,aba305f58894101d7b7121998826c92f,6452466
298,7d80d504d29b5a0a5a3c2a42e5c64465,6463303
299,6ddc034eac204dbe329db39ac2a2444a,6464352
300,1430f242f079b102e1d9be9755baea84,6474867
301,f2a5cc544b13dd8fe9027d936d6ddbea,6482435
302,c8045c92670686339d67418c1a5aac03,6486431
303,75ef02263086e3f91c332cb4fc25cecd,6516920
304,9447a07372f916bd14d8debf78a5061d,6603377
305,c5af9a1e4039a81ce56f84793c94f7de,6611137
306,7c5eeb9afebd004f5bd183ffb6ec05b8,6629691
307,f545dd84886395dffe4ce0b05b8dd15b,6640931
308,145f736ba34d21463132f9151461fa13,6662349
309,12f0b90e666dac6b38fb00be74bac09c,6693554
310,feddd653e6a1794e5e6676aa276dff6d,6829141
311,c673407f412088d4b413a03467a32b11,6879822
312,4fc98d354b5435faf19193bc799894c0,6919638
313,4258c6ba46edea12a2c228bc3a5188e5,6929307
314,b2a52a4ba28f70f945afdb2b14f07141,6949905
315,3fee945c42a5ca9be5afb9225404e914,6962234
316,3e90a95fdf62dce5736c00aeab0a17ba,7000346
317,87d3fefb2e3add3d12f7ccbfb58f9e80,7030086
318,99d6575e845be8e57536d6d9542e5259,7093311
319,a1a49bbf90d466d9fee2542947817312,7094073
320,cbca45a07e98c849bb7cd62f29b95a7e,7105675
321,22ea1542523287f0d008df8bd5951c3e,7176382
322,7d7e860556ba1924199c4729f4ee39f5,7235769
323,c40d1ead3e10417c8db462a549294a4b,7251608
324,a08c054ee5721d3c22c5136be87ed8e7,7272792
325,c7bb99d0a2a00c83077f44436ad8cced,7368166
326,16086e6d4f986f29b989bc9710a95a6e,7431428
327,7fcf67411026f11a46f72cdab9ff6f7d,7480571
328,35ce9a18447a7e96e4e666b361ead5aa,7500364
329,dd157316da79560b6caff525e71582c2,7714245
330,f2f834ef3c997f27f44b02887a11b7d7,7718613
331,3e5d53566aa5f4dffe680f55efd918ba,7721678
332,8f0bfef344c6dbdd2142ded45679edfc,7787962
333,a3ff469ba7619b5113ddddad5c18b358,7810181
334,b18fe26853e46295d28d19e8c71b3130,7810357
335,de4181de486ff9f61f860c887dbff47a,7840849
336,4117118e09f2d295df1554b5b4260a5c,7842761
337,975e10a720c4f009a285764b6ed07d9d,7914886
338,f9a9b23f173026b7877df123f9ba50d3,7951969
339,872c83af6467b6b8ca88fd8bb74d3a52,7968005
340,9942c87c7ca9e6ce716d957f7a05a576,7986053
341,cfafcc8efeb3c19910e7024caf5b4b0d,8049723
342,5e99d8a4d38635ccde606e4a0d223ab0,8067484
343,6e384248911ecfee95267051272457b6,8139905
344,57b88c9e565da78c00ae49662276c47e,8150676
345,1961579fec04a2748b4d84e9b8379ddd,8177160
346,23a3c6b38e8b980ddc4f4f7084ceaeac,8194647
347,14d95c709b47c72bbc04b4f6e8542084,8198637
348,4e9563a3dc5078b6f415475b41fd572d,8212795
349,e9a7a70de7d9ac350027100a4b9f5b46,8213445
350,6b0c8cfb6599dec93603951a63c458ab,8229490
351,9d516f7a7f2eebcf442eb68617c23e53,8285277
352,71a50261a4e015ab3534da75fe4efb7b,8291211
353,25122dbdbacd8325a2f54b2e97ffd66e,8353346
354,4f523d8581506af7a9004acb8df204e6,8361916
355,ea5f51b87dae038e4685922bef72c592,8411936
356,02fbc84ce787bb9236415db0281271ab,8441872
357,9d30b4e0af0e79769fd0697371853846,8458012
358,99c4661c3c4e6f85a0431467945b5ea6,8462311
359,65e43618f5d83cc22b8d6ada0964ec2c,8484239
360,0f1221321d0aac06db288cac4a88bbcd,8517158
361,3924b126069ec545afff952b06dfad8b,8520680
362,285774d9c4b5e416186314a5acb564d9,8580422
363,9159b81693698be4b12f324ed8aa10f4,8583890
364,6dc4b6187435d8a08ba61f689828bad0,8612850
365,593717e9befeef01b7435156d1a70430,8639233
366,eb96a44bf425b2f0e39acab39e2d303a,8675206
367,ed40067fdefb08b6b5a01d5a02785342,8691729
368,e4ac1e8d85107b23fa6d96d8d6902c94,8702740
369,4d332b57d6c9489362b7e53e33c24e38,8707311
370,9414bdbf3ca6063adadaa410542b8ba2,8822165
371,f49128f48598dd28e30a2079b16ce5a6,8871581
372,fea92055b0f0895b658953a0c2b806c8,8954725
373,64a74b37bcf4433e2aa81c32cfb8a6ad,8988413
374,39de98f742b09193fca3ae7cf39aecdb,8993059
375,08169b598b344f8df5e5a61862d035dc,9045488
376,43839d8ff36f515d9217c0b90ed9a1c6,9144803
377,2fb87e859e63f06bc061133935eab2c3,9189972
378,97f7a3b472acdf6755b049f5a2c31886,9190996
379,dd61b0b82e514418d2dd436f3612307f,9232507
380,6d079932ccd0efcdabbc64682f936251,9255700
381,b8449daac3223fe6a8b3914035dc15a1,9302025
382,f75bac45d225867e45af45072e8bd97d,9351288
383,a06aa0d605f672f74ea637e38206568c,9454185
384,2453816af33303563ad8adef81ea499b,9471015
385,845834c33774e907cbd6794992e42ce5,9512528
386,9584200c7b6eee4dbb7a07dfa2580438,9524343
387,305b69570b5a45de0002f294d0e76735,9539708
388,e43d957337eb597fbcfa8d35b495d32a,9579878
389,a32c85e7dec1777c18969cbf298510ad,9587330
390,509c4b8fd0d71c0fc9733957d5dbb9d7,9590051
391,20e85fffda4f33b8e71b69b740db5ec9,9646566
392,d9c407a0dc3a97da3fcda2be4444dbcc,9669221
393,529bac2f63b77f33f004bb942da96d12,9727599
394,397cf9e87833cdcb784da1f8522d3a72,9773337
395,c95d9386fc5a40f086e9700fea0da841,9784703
396,8a3b78eb77daeac75e0ba4a97847932b,9815455
397,03b5ee4b8b2602726623b752c4362070,9832433
398,a8dac8172062bf1566e6873c097c7aed,9898680
399,af565fc6ff4fcc01483f4a158a1b4c16,9932507
400,9f3c03a476bd10b205b1fa3dbe48d271,9970966
401,f0f0c213b4f56848e82048d8ea75e9af,10030249
402,e6b6b4a8a8cfa67dd82b36f771778e71,10087550
403,c8838025f30d9a9d5c90aa50bd10c9e5,10098818
404,26b2df9b4b5de039e591d8d77677fa0f,10257738
405,16e7ab12bc208934316927350f5322c6,10264723
406,1f03ab0e637e3ac7a30cd9a603ad65d5,10270570
407,7f0b127a0b9082c395e3adbc5bcd2366,10405822
408,57785efdc42e31d7e0dc490c8725c43b,10424719
409,b877a4f003adf884ca6536682b3d64ea,10455111
410,d90bb39247463714f08d9de2168175c7,10571913
411,61226200cb717734aa9633ae374c8be1,10632217
412,07294f3a9ef73c038fb8f88d316ed5ba,10771140
413,c13fc03087534d6bafaa616b3d5e9766,10772807
414,87284da9cb9a4b9685a99fa263245a46,10834615
415,18cbaa8090d15e7487d46ec90f614e57,10843251
416,db5e14d594b2bbce5b7c931993680237,10847876
417,77d861f64c1923198d0e033717711118,10864010
418,5c099469f3f8c07c260686b3cea23f04,10914148
419,231c1956b3954cd1a9cd54642e1e11b1,11051151
420,e1cd029f85d93cda4edd3a8f6898ef21,11240822
421,e02e0e9ca53036710a4bcf1e27cd3cd1,11243538
422,bf71a9aa2e4c1c32b25eee4a8516cbb7,11374437
423,0550e0194e6aa0495276fe46f78042a7,11394464
424,99571eef356394ef922bdb543235f50b,11419335
425,bc940d0557a986b92f9e745af19fd8b1,11689473
426,6711052eb87dc448c4977cd00a025484,11828292
427,12b08953e34f6801a780c778815f76ef,11829569
428,641ed5a94abd757568f646f9b1605767,11872146
429,6dd0071a047b950ddc0181fe4c82cf14,11950021
430,28d6882bd9d2def0adb0cb198e665b9e,11955252
431,9c5c16dcbede2ae8c55fa90690ea25c0,11960446
432,0be0c5b838fff9631a3028fba07a886b,11973627
433,8dcf739dacbfefbf60a912776c7aa763,12034587
434,be1b5c87ff65d8491420bb20d7e0fbd1,12075037
435,0adee0cf09ef8c6c260a800081d4e351,12077331
436,1429c1604bd3de0a434b6480e82f8c03,12087779
437,d97f8846b662e090160008849b07f1bc,12195962
438,0ac957ac758747ab69abd751d384df52,12224957
439,5dd3b75ad49a7974f093869e1d4eb52b,12251376
440,8b2cb825683c813b96b9ebf055049c52,12275907
441,2bb7305c6d2f8b71eee2230304378114,12290001
442,540f1ddc85de940a7b4aad091226d5d8,12334674
443,b66dc30b7822d1c218859a3866048d34,12374215
444,4ff4dc82df7a98217a0e38707e28a9b1,12375203
445,065d9d2d06dde65fdd1887d6280f8461,12411104
446,27ee050c2851d35dd41c49fda1df64f1,12426878
447,b6c04032dc19f12b989641a98053af54,12577261
448,d60073464aef92449b7fa51e619cc4cb,12606660
449,e31924572663bc74e604eb0976fee824,12646387
450,0d0cccd2867d73597700c9e94bf57231,12648853
451,183d59da46e400c3686e3f41c3d71fab,12718280
452,317fd5ce1012f252bcfb374ac1f3c7ba,12735879
453,ee28407b273193c92594645a43cacc4d,12777480
454,5f9d01b19a1a4d7dfcadcef7f5a7b808,12802586
455,fa5b6591468ae49753aa81191c5f4614,12839531
456,2b6dc0dd57ff5a2baa70c87c8f9297d9,12930063
457,984e8e2b99d4b6c724322d27ac38c92a,12937625
458,99a793e94c20f005243624b47f22d580,12963006
459,00138196c83817f57e82cab9f48afe63,12985094
460,c6297acce55bfb5c39f98d8905661afd,12986375
461,4825bca8bc5a3afa446f13924bb3d6ea,13021264
462,284eb505b8e07eb01be89e6cda150ede,13047258
463,5a4e7fba3226549962b9bb90cced8dd7,13062713
464,7d179c7413b179160dd5d651148cfec4,13120060
465,d8c73f849ea448d291299933d24acd4b,13261293
466,65f5f74e9485fbc3b042abb09aa5f297,13304596
467,80d99d2a9f1ed89b45be2d33903ae0d5,13318882
468,76a75aacb986b20b1d2bb831b0c1883c,13319481
469,20152c39d8854bf7dfb5f4b57db971ea,13358523
470,57152471252b6992ee51ccc056ce4f70,13359313
471,516f7c37308d797ec768a13cf51428f9,13369758
472,e654c370914402c0302150caecf017c7,13371746
473,8d0e480d58924a12fc6f6c05b3ea6b95,13385688
474,27dd42cf5be1645271628dc51db2e0f3,13415848
475,26f5cebd10d681a337a558ec55fad61f,13454735
476,f017438a124ef6ff99d1d95470a8dc29,13494466
477,eec915358cd81426337e8f6cdb3ca7de,13528447
478,5e9534ca3a0a3baf4dcdf811259e25a1,13538644
479,7a25d262d48ee3c364ea12d56d829dd8,13554828
480,ccd6a6b047b6bece1a1cd979f0de8fbc,13560451
481,106cc7eed6c644292d56ece030d2abef,13561992
482,24c5d248115d9ab14b3692c26e9dfd82,13564030
483,0f5038317161c76c239da1cb1724b28b,13625337
484,67d217fa046fbbf1966dffb89074c999,13648988
485,84ed2cab508ece299e8468b20cbdaf45,14370784
486,461c696aba121e72107502765b3b6050,14446759
487,b04a860df95e30a3cbca424066297643,14493394
488,939279618cd4daf96581d9be9357e8fb,14589924
489,0cf4d67013c1e6f3ad5402fd61862ec7,14591132
490,a6973af91d87b61b15b28201fc92fdab,14623682
491,1ccfe30859d99f93fb46abd7e60487db,14758615
492,a0dd61f13048a9ba3a2edae2a8957807,15709037
493,929080d6b495a8c12e97569ffac0e702,15719940
494,9cf10f81ca9eb1a9f64d3579facab5e0,15737586
495,e9a7a70de7d9ac350027100a4b9f5b46,15747685
496,f7c814d96520120aae11026e1c2bcf2e,15766723
497,3971bd5caf9d8c850abdc4c2ba5a2184,15782353
498,16d000d7ba3b8d34ab44d15469af2f60,15811820
499,f232538c9d977ec3fd5b524b45118ee3,15846868
500,9c89e2ccb18cd06055b73625b302979a,15851037
501,4e14cb4a6ff3373a00e17d5c75bee532,15860698
502,b8726b356e3c20851411700f79ae64d0,15903083
503,54b5813619e5b04e5ca7c5569921d557,15922417
504,558de396c0bdd18013aa92f69be773b5,15996645
505,a793080407710f3df78a5538e23f2e9a,16053218
506,0dd5ed3bffe6ffc41156f6861a8696d0,16057859
507,e41c247d2c7671510f4e5c5897a7f32f,16059467
508,293a2398fc1026ce4d19792c85c5c58f,16059836
509,4783a85e31cce122da7692a437407f30,16071855
510,6c6767b15c293f97e2f494e44c716a41,16073060
511,11c58c94db93e08edbe5dff2061d8cb5,16101793
512,cb3f19daa4862f6ee3f037b07e869a7f,16111732
513,7ac806c3778b87a7991f4bb67ff1a61e,16114967
514,0786a4f2c4f218df129827ca208e9ca3,16116305
515,c3fc873104c3a51b2aeb0859f3228493,16123338
516,c8c6628b755f82fa3c976dc43cb0b0b1,16123541
517,caf934f9f21ad7c20e6603cc987bf2fd,16124829
518,bb7e6b1bfbee3ccedd72826accb57f17,16162486
519,559884f30fa8d0dd058bba66bad26cfb,16170120
520,13953f29d2cd7fc4dfda5abc6585c72d,16171233
521,24416f0091889ee37d806f9292141d5d,16173047
522,e025dadae7c4b5f3808062ea7829339b,16180687
523,d1c5a996a92d46f1bfbee9774750c83f,16217492
524,dda84422373b3977db863d49ffd46e9e,16247626
525,054ec8014319277cc38b9db85a09debe,16256903
526,3677a35ec06e8d67e011d715f433ae55,16277250
527,fda9ddc525e7131b9398b56dc640ebfd,16373076
528,b41b2c5ec049ecaded461db5dc35b9f2,16448945
529,71ecad31a1f232308b07c2212640410c,16655362
530,ca15f7f43eb060559f352d27821604e2,16997718
531,10dd2527a193f50d30fb9c3961a5deab,17069992
532,0f28a489ab33f37e9f8611a9d9cceafd,17134610
533,2308b0bf801215382871770dc3779364,17154817
534,fed19ba316d4a353be8fe37ca705a23c,17155470
535,2827c8fa486b49d96b9ebdf0d7043fdf,17185162
536,3a00f185f0ee67e181f50b4741749693,17203821
537,872d5199cc377096fecb14adcc89f15d,17204089
538,bfd16be16289a6724f57d055f5d2c9f0,17208954
539,4e7b07a44676fa8090eeba2c285118a0,17235991
540,505027c658b63dbc9d74ce5009b49182,17262384
541,5130b7700ed39156bc77c1779b289dc6,17263038
542,edaee35022240ff11fea5123bde24b4f,17271424
543,d3cae1c82824277f8c7783341e4ac387,17272609
544,20e85fffda4f33b8e71b69b740db5ec9,17277942
545,d0973fe7ebd1caf8a5e9b47f870629e5,17288530
546,ae59e6343a51c77e446c1be829d5f995,17298852
547,a2991613e6986d0e3a18aaea8d28d8ba,17347702
548,c20abb0e8d5953d67c9b840d31085750,17348041
549,c73f23bcd62243c2a21cbe5820d45c11,17349235
550,d48f28df58d7fdcc35f8f417be18f80e,17371517
551,2bee1cb97fa5fc0115efb26e50313685,17382294
552,31ce5813e40a2552d186d3e070fa5b64,17433013
553,9cc1a89cba6bcf3d8d6deef53df0de4c,17457591
554,c1a80114426b9a5fff1aee30e184d084,17457611
555,5de6f7f7dadb5e2f5ac67e99ac5699ae,17610785
556,9095cdd635303691752c6fe08a265907,17693452
557,a389ccb254a527341e5acfc14b6e980b,17697875
558,f7c814d96520120aae11026e1c2bcf2e,17737383
559,49542c53d878b537f6ddbd27880c2788,17745376
560,79580eb25a6158bd25ac6eff2da09dcd,17792468
561,a1bcb858e6cc64cea8f43de8fe5632bc,17835933
562,7c750cc81ab8d614d6fcd76aa5d9e18e,17858373
563,33d787cb8ccdb3c180d5645c5fc5360e,17902156
564,a2bbded587c4869db0ef58867b4c428f,17924172
565,3b557ae22e780d5dc0f5c4466bbbb97f,17927331
566,8e286f79f8396aa9973b5cff0a4ecedf,17928881
567,8b0805a347edce4f2e98ed9ee836031c,17936565
568,9d58b77ce0cdaae8112da4591607dfe2,17975638
569,ee74c1fbc8102083cd3da346876f5433,17975954
570,41ff01c3297991541f4384e82a0b91ec,17978076
571,06928638eeed263e368714ec1bb9ba92,17999912
572,fa5b6591468ae49753aa81191c5f4614,18041455
573,7379e8310870a3ca9af1420751a4e01f,18047359
574,f0ac2ff9144f6e634ff92e7dc1642b14,18050996
575,8b0805a347edce4f2e98ed9ee836031c,18085515
576,c35212f1591195877613f1beb263da73,18133153
577,3d1884d87490bb4932c328e83b3af4e4,18133953
578,7a71c9350d45bca0d9f0a5dbc38ae991,18136413
579,a73260f9dbab5a1c57d5c8c193283fd9,18143321
580,efa160d4f1a41e479561f0f88eee30b5,18178262
581,968f8082a25eb6ea117800a25a0a9891,18218455
582,8f6058c8fa75826a2c995867cf848f1d,18248430
583,786b1fe4836e368f276dcdb55fc87fb2,18278577
584,eebf83dc288187a7a9bbd93da49cc75d,18301738
585,14f3b7aafc3a6ab70a04d5da02e3d775,18303486
586,04d65b0785f152991fae394b8b394078,18306836
587,aec2a9736935ad52d4d47d7ef781012d,18342027
588,1de5d8cf123fbdf3ff10f3cb3850f40d,18354490
589,86d887db7ca7f9154c26ee2cc1d2038b,18359993
590,fa656532613fdb1a4e1ac31cc5a5772e,18365427
591,d92e7e14aea94f46a77203213088c091,18393292
592,f4ac4f7d851328dca31c921bcb23e307,18458456
593,124c9905c0cbef5eb2fd87c455fc149c,18462611
594,7027d753a306bb8639be4bf7845af595,18465851
595,80b1959f8a72054256bd4da58f4ac5d2,18470581
596,0878aa824c7341f1bacc3a268b6ca1eb,18490895
597,83e3e625510f17c6d85a21bd4e4e5a26,18592209
598,9c131ba51c2170f88a532592bed31f0f,18621749
599,b7dbd4fbbb050f2280be8f352dcdd9ce,18622880
600,a6dbf9df7e50098e734f88aac7899929,18631940
601,21ec733e419bceefabef39496b87c5d0,18632727
602,6ea362d678b111c2246873478e5e9cd0,18668388
603,deffa0c7fd43cca43fb42ab051926fea,18680282
604,006f69aa07a26b6faf136518103e4de1,18691277
605,eda5853faf7690fbe8825f1a046c879e,18693083
606,72eabc9b1afc6e7afece467918742e62,18695094
607,77792f8ac14c06e62e7f06779f1bcf59,18748593
608,22c85488c566398f695a7a327c8d11cf,18750646
609,717beb95c8094d64537e6f212304d297,18774594
610,b2b429794b2cf3b7a96e37251dcd33b1,18812499
611,dec40eb1e4ae134eb0d6aa7ec142fe7b,18902270
612,b60685da502d41b90b77722efbfe7b69,18922673
613,8fe173c644c4f3b0f4dd288e832e1b80,18962053
614,9bd9df4b23a804f875926bd7b6dc078e,19004696
615,edd6c492c4997166c0ca081bad482dca,19006892
616,7d1916cc1dd8235493235761a21ff10d,19064661
617,5c96ce881d3013cdc4de7cc38ad6dc97,19078096
618,8ada55b3bd8441d1b7181a006924ac66,19087232
619,1cc939016b67a70fee4e381d49a1fb4c,19088773
620,60079c5f8fe40bf6bf242e2984293990,19089997
621,ce53687d6dec0fc8ebc8cf8cd87e6da7,19165902
622,756305164c546d8b7cabf9bb0f8b1073,19172282
623,d1b233286e043db9cb5f5ed1f037c1d9,19183293
624,894ac68632e4b6a082567302a161d491,19211378
625,50e4641e8bc096ec82a9296ceb2a34d4,19229757
626,6b9c1922f9849e571f5b3af950a732cf,19290820
627,bc4ee9ad51fd732686a0cc80926f32d9,19292218
628,8b2cb825683c813b96b9ebf055049c52,19387284
629,bc6bf7805afc69932fe7adfb3c81f492,19399309
630,86b81fc80b98d48411ec889d93810e23,19448168
631,52f5fa63a094dba3e362afdb93a7a400,19473703
632,af2236292543c3dfa66cdd59d4772069,19480668
633,dce3c3c67153203f2fefa57ace1d736c,19498525
634,0295ab05ae82192183bd7fc1f6fec276,19937762
635,82223eeb1d9e5069c73d155556e58315,20256749
636,de387bc892041cb1ca3bce81d4b31bd8,20334345
637,b1141e4a9169d693ddc16417606268e9,20342769
638,10dd2527a193f50d30fb9c3961a5deab,20450548
639,fba785d52eee3e64fa618e8029f4061b,20513109
640,a1771cd01fe2ecb21a0c1457c808d3e6,20571513
641,c0143bbb78937f8c340be0e66942943e,20587480
642,eb058252dc772f0aebeaa716213888eb,20651438
643,7ff63517745df15b48f99bb90642bae6,20652383
644,929ceeea693cd95f52f0c8b92ad90bdf,20655319
645,1f0dc03a14bd311905e0aa1acb814db1,20665226
646,4a6c88ce7e2a8c78ed3f632b0eb523ad,20738583
647,9e31ed1a6539053b603d50de331cb717,20751249
648,4429dba1c85a4a7b2fe2472a7ab5774f,20758046
649,c5d5994d54aae6854f939c54d01af664,20768960
650,070d1dc0262d3c830c3073f8e90abf05,20809630
651,290d30c9703f3bc6a7f9597eb5330fc7,20821226
652,7e9f39de101b7cc9af8e262997d1a8c2,20899138
653,58d6d12b6f0a6fe10159e98a7bc66c28,20932396
654,d107796b481c9a20124b064cf7bdf515,20967391
655,a0c95ee6813eaeefb1c7bc68d6ebeffd,20992097
656,7f37e220f219e27465ea375eee75da65,20993504
657,dd2537f9382eca7091259f906b256ddc,21016697
658,106f17ffd3a8b9d47a05729618b84716,21044679
659,1a1b6c7acec5f66d22c4a0e094451d59,21047743
660,af4cf1d44c35bf90f8fbadbf2cf69d75,21149899
661,46b4037800cc66bff130611c074f4ebb,21396308
662,8e134f7c11d2c064c2d9a0534f116bbd,21405388
663,5fef8441fe3f37568e4c9f506a222c0c,21416589
664,934e6a469e4d76567d9724f5c49a0702,21417748
665,9dc933df95a9f913dfa2cdc89e9b7f42,21418642
666,b343dbb5c8d1e4b03cf484fa32da63ac,21458808
667,51a92d42cc892894b6e25b69a7bb2b23,21466220
668,d951d0e12df6bb7e6b5c2817d7c91a99,21474626
669,095e4e36cdb38e2ec2785f6397f54646,21525957
670,6e716323bfacd99b78b15d9f05a400c7,21707100
671,242b6e41f426b7513fc3a1fc4b98f114,21896016
672,ca2e6afd10b983225d12763cb73a2d1d,21899972
673,2e308215609e572ff2514dc54e67228f,21911573
674,592f2bc260df866d999213c124362681,21912245
675,3971bd5caf9d8c850abdc4c2ba5a2184,22012398
676,31de2025a4cf1d7d90b70caa0e6da9ac,22041476
677,a09e30a654e7056a8af6cec90d859076,22044543
678,49e47dda8aa9d819ed2b29024eb5d2b2,22063762
679,e717b35d297d3dbca7939f870cdee70d,22144858
680,9cab6beb00ef14aa6ddcf16350b45aa2,22303448
681,f34300955c82966e661bfd4347755e38,22309891
682,7d277505a17a091459df41583ab77a5a,22351143
683,228fbc8e0b13fdc0257d05cd0b6b9e0c,22361523
684,9f62039087dd86a6b12012ae822a133d,22403015
685,40711615a66757a5d7647ed23413fbc5,22430291
686,ed8217e915ed217ac4d3a5a1c497e1ef,22465911
687,1fc20eac19c40840ab0695f9e3594b9a,22470077
688,71553bedb6167d91d6c159ed174a4007,22539556
689,b21d2c25798ec26e0a8e2a9cb7ad2483,22544263
690,74e6217434c4f6a8ff186c56d202b0d7,22550646
691,db4db9ab2ffc63682f68f5eaed008d49,22585494
692,a76840fe4d0cfe6bc2c04677b05841eb,22618609
693,15274cf6b2f24c8c6226df290fcb023c,22672171
694,4b2fb56bb4cc8c6eae55ae5b9e973fb9,22675229
695,1d1e86ea93d9894efd0e373e704f118f,22675405
696,ac305a0c03266be93f972019e6d84bbc,22699199
697,68c850957ab0021eeb6b542db236b19a,22703800
698,09698f992762a08f6660ea3f8fa52eba,22716647
699,b5f953fb7a65b8d293a0c5ccc33885e4,22729059
700,6878cf32d6752c42960a95cf60847345,22823652
701,7ce60ea3b11f4513073a1c8663f1ba36,22849072
702,5582ef69694bc546d021227144a108bd,22851758
703,e002e0a863acb62197b4cc7823792c70,22877252
704,036fc50f7062a8f42c52d489af1cc582,22888993
705,a2a6b0cdd88de7c9e0a4c4f61e83e4e9,22923973
706,4a72c61c26004b0bcdc2c8a9948422fc,22931314
707,6591e12ff2d53df7d481330235d5fb2b,22980186
708,2aed37fd63dcaf8a961b306ed691759b,22999181
709,744005f97c0ee2ce1e59d0db877e0a6d,23018984
710,516c0fc471336168f21fc64fb73ffb7a,23202137
711,5f4d13570c35723452160d2ec7116cb5,23202394
712,ef50a4252b3e4ced317296698ab601b0,23269842
713,db06d8eabb21ec85f15ce4ada401b05c,23278285
714,efcb4315400c69d728bbd252c0733a22,23333089
715,59f895202d053b065744f1faef4b3f20,23377541
716,0c00055310002d86ed94b4a35f046645,23431260
717,9debabf760401a87410150669d654a72,23433843
718,80cbed662f1e1090c84ebaa5ab7ecfca,23437221
719,4505ac7ba70188879859077aedd139cb,23447639
720,7df2f3b1b4bebc7054ed6802cdd24c2d,23487933
721,1d8c2ec26640597aea7bb69a69afb873,23512249
722,83f6cf9dda95725bda94dee28eab65f5,23515055
723,a88207041a9791a41513cdb861a7f728,23515496
724,291e80ea73b6b823cf8849c152f6f27a,23544990
725,0f3f8e1f7917da4c66011b26eda7c8e6,23566897
726,5343f18d082f4a1513a7ac37613f9ead,23591556
727,74a2fc20201051704f62253a38bdb81d,23647114
728,cc0cdc345399c1c4e2efa1795fa69291,23665469
729,2c07ebcdc82733948fc306d69e790275,23668741
730,0897afda64b741f975ef1a31925fc3f3,23841484
731,f92f4b64a0743fe9c7c6622600360c28,23870960
732,e242c3c181f84f89d12c354ff9b7125a,23877993
733,c673407f412088d4b413a03467a32b11,23905530
734,bf22c442a8b0b5fe741aff3c64b8d103,23939119
735,265dc98cfa32d301e143a4c2df87150a,23958123
736,fd500b8d4cfab0543d6d446cfb5b9d37,23983878
737,e1cd029f85d93cda4edd3a8f6898ef21,24001084
738,0bb81ad6dec0fc940c893f6000fcbafc,24242466
739,b2b026eb7c6cae4ebac4abd3a53ed4d1,24356315
740,9679d78a876c36d379bbffcdbde1d820,24403035
741,3354e7c6e27e153d10fdec7f59a00bd2,24419836
742,7027d753a306bb8639be4bf7845af595,24423721
743,3cf842df97703204f80f19fa661af412,24466734
744,265dc98cfa32d301e143a4c2df87150a,24501845
745,6363539734ee60fbbf4215a8f50cba3a,24517640
746,dd01813539b175eb41f87ce8bfc9a30d,24591486
747,22d86e219c92cbe09095aedfbce0ff6f,24632344
748,77f36d173814713dd58bbcf2b884dbb3,24663776
749,b39ccc80e6a8534f010dcf6ea5dca618,24692571
750,8d99b7e93ab7a8c18b5b938a0e41f52d,24727096
751,96c7bdab867b4eff8e9fbb2f47dab3a7,24734696
752,5a314e6a8d0fa1323f60b74c34aa395d,24737096
753,cb7acf217a055fe4ed5ddbc3da8d7ecd,24815785
754,24d73d988c1f354dc848da669d5b243f,24820368
755,d95e020bf7ae72c8c097a7286cb8e4be,24847453
756,7df87d85f43d95d280560c0637fec589,24857622
757,bac4daf184ffb20489a74a0cd20aaf7b,24861223
758,03d4a14190be484242ba385f14f01d5c,24877489
759,b75f13e156dd79138d0f5f2fdddcee93,24886312
760,74a3a6740f0aecf8055e818123ccf578,24887836
761,1b26ad82d39fb73d484d13bf53bddfc9,24909835
762,f7f7efa9f22013a07aa500cbbf81f843,24969352
763,5db3c56f599779612d4bf3a7552ad7b2,24990779
764,05d9ae53109f95a8dde3c93e0c17cf3a,25026955
765,57c8064534bb3b0dea15f3f45d40c256,25045471
766,d23a1ceb37642a8c2f84d70d5abc6889,25047084
767,7b8dce7470cfa1316d80579b0d8967bd,25058139
768,20e85fffda4f33b8e71b69b740db5ec9,25106726
769,f5b65fe8ec941ded54638a448fc9d6df,25112799
770,9095cdd635303691752c6fe08a265907,25114192
771,7ac806c3778b87a7991f4bb67ff1a61e,25139879
772,56770b4287c064e8825f7fbb48094176,25147891
773,28a99037ea32181d9761bf53b80e9743,25255384
774,0ef5cfed2a5e59e063c236d71553845a,25256764
775,8e067e2401351cb97bb023ac2225a641,25262583
776,6bfbe43524fa3dd88f6b3fa38d85587f,25312179
777,53f155b2f5e992700e78e50c681fba2d,25324105
778,d122d093ffbdfc8969451a1989ab934c,25399880
779,712d776f3bc642d178c44dd340609b9e,25410519
780,82128bcc282bc456d46e5c1d3d6bdab6,25418816
781,76a8d590d73d3a4d5bf5be174419a909,25422138
782,8f9ed62efa035d895cc6f3f48f1e2555,25430291
783,fcc808aed8199adcdf3e9b96d76a2a4f,25463505
784,80426daa378c49193e3e67215f66d83a,25510955
785,daba7b6a29a25141c87317449824a57b,25557693
786,99b66b734274c81baac4de24deda18ba,25574117
787,0f68a0bf05868d21e14982fe3e145733,25588189
788,bf88b9040bd04170502999a25361b6ef,25589611
789,d47b6e142822ffb2132ddd1640772daa,25625863
790,41834aed0aaf3ad6c7cea095be92d9e7,25630586
791,6ec4bd0350d6c5e00766b2f7a0a956d2,25681573
792,e53af5192975b0ac915eca283de3d744,25691113
793,feddd653e6a1794e5e6676aa276dff6d,25726911
794,91d9818271ce0a007840c1abbe0b083d,25748174
795,d00ff0e5bc7d38e6b06dcc482ec53a03,25749309
796,9e29a551855db7fc0335379f9af76d55,25749648
797,029946b3f21c020ea6b9633ca2476d25,25753565
798,17e791b3b9057556af97bf331c5e8541,25776269
799,cb63f84ec93b1a225d03480707459808,25812533
800,af1a3e83329946137a6abbb64b3cc5a0,25822850
801,1aa642473d3a71d71eeb01da6ecf0025,25845512
802,683652df9655b206fcd60fdb712284fc,25859605
803,33e48b9493e8fad264406fec7442f7d4,25895816
804,1a0d25e211af625ca1af1ddce9937e4c,25904322
805,b59fc7fa7d542eff13411834a6650c6f,25904468
806,083593454d02af177141ecc6293182c8,25914530
807,1850f06776a9f38c4ba6cd7ee8ce22cd,25947311
808,125c5b03ddec81cecc54298b8aa568ab,26007969
809,a9895c2f913d46c6dfa93f8245defe52,26019610
810,a06aa0d605f672f74ea637e38206568c,26029052
811,35305b341626cd559aafec97634a007b,26137715
812,5ba690a4718b3a3d90b77baa5727a170,26153491
813,2303c3bc41163af035c576be98bd626a,26162554
814,1170cf28a86a1b1f59c4b2cadfd054e6,26171326
815,d94604ddd3fd4acf78ba920aeaf66f34,26237078
816,acd9bd9c8ccd8f6cc68f2bcd20410b0d,26261174
817,a082a36fdb23cbad2c51d0e28539a82c,26308347
818,083593454d02af177141ecc6293182c8,26313956
819,1cf8a575e384f1f59be7c085b45b0d5c,26449377
820,9c46a48f3d3c6df8952860a7b7258624,26531226
821,f7b8059dba58256d068a8fd045abe008,26631831
822,9ce853fe3d6bd6a2593239778abb5125,26761819
823,04c209a32c0ecadb026a2c61b5cbb6e1,26791152
824,a936fa4fb71e5753dde6a1d4971ebabd,26807454
825,97c9d2f5d57698556abfb3ea71262c14,26819574
826,764a49cb1b48da267ae106ea2eb28a44,26823415
827,6405d417bbb4477d5065c6b8a39c9c56,26841772
828,99a67513c828ef334d7df3612bcdbf35,26859016
829,0fea06daffe0c093947a2c8117b1a380,26879901
830,ab61d9a5755e6cc53fdc9fa54bdb19ca,27131479
831,e3470b5e49f0c8c9f6a6c94c20358c02,27153671
832,bcdf69f95295aaae7b1648153ad62c61,27203158
833,69a4485c8279aae69dc35721edab6cc6,27239010
834,427254d2f8b721cf6ecee159aaed0ec8,27283075
835,783968dedee965aaa7a475391e79fce8,27403150
836,3be91019ec63beea7ae7b62d8f841b5f,27412395
837,5ceecbc039a26edcd9fc2e1a7cb396b6,27464694
838,6b7c7ec4d8ef993d161ec57e77dcc028,27475271
839,be9fd5d0e20398609184090ea51031f4,27628707
840,e8bc3d74d650437d8de6a65d13fdebe3,27817386
841,84a12fb42ae09b2c56956b98d4649d11,27821760
842,6c41e61aa7f70316141bd600cd120826,27846669
843,a239496ee050a5fc66940ae5920e62db,27859854
844,e46b2754b05475061c715b90b76dc030,27917300
845,65db927a58c6561a84e73330361aa7f6,27969248
846,9309c02d50b15f7a21587f3bb7ea620b,28000778
847,6e64976adebb781cd93c2d8a74b7dfb5,28097110
848,84216378d7976e58637ae38bc40e9143,28115345
849,1a1276d9f02a0ed655d3a170d082c58b,28118834
850,f0f61e6281dbe2c4cacb222159e428fa,28159878
851,8862cecd780c3f0a57cb15b0cd695fe3,28163641
852,fc15a5b74766fda663aecd089bac033d,28254718
853,d341e9a986c4d48bd5b38485387d7521,28258261
854,bf53bdf4d8c5878f6e73b27a93379745,28452940
855,1734a0fd7625f515d66e20de2e4265cb,28460696
856,c8045c92670686339d67418c1a5aac03,28467977
857,e0474d930e99fa04560f0758781ee1f6,28501897
858,acf99e7a8743f7867e50701b804a93d3,28508914
859,a861b6d19722730a80356fe4ea03f630,28522781
860,d97f8846b662e090160008849b07f1bc,28539042
861,888616e8eb38fc624e22999f48c7f31c,28574604
862,62e92e194e72ad1802c850e412ae4d63,28579345
863,7f08512f97e4af0de16f89838d5b60dc,28691805
864,f56d99cf8d6239ae33b8e7bc410190b0,28763678
865,c2af7aa6220297f26488aede54341cfd,28863102
866,1063d7a3d6fc76abc91f0f4964ed81b1,28954811
867,e068c3485801c5108292c3a578050d79,29099313
868,c701c77742053f5ae7482a66c0fbf641,29102903
869,22dd98148e7f8119b05a4c4181c9490c,29207140
870,d71cb3e5b50db83c4b75e377df1b7f2c,29225781
871,bc65c22aaa490d1d0747b7ab5d936faf,29234567
872,8b2579aed201aacea998e44a2a2b4704,29335317
873,bd01bccc23fb20f739a35eaa592d6941,29434518
874,0a4d2b482cd9ee0f153e1d6c64af4cac,29489331
875,92a6399c9244396571a5105c9d96c207,29526202
876,7cc0d505996e4d21ee76c9178f2fa66c,29601517
877,ff9f7fb61f1663bcc73c7ae147d90aa4,29621106
878,2cf419c3bb924b0ac93d1f1e73ff0409,29750269
879,be5134f3324046f564ead8699c0a5a7d,29768352
880,fb2fbfae6b8b1bd9e527558247b006d8,29780026
881,2c0c316064def170b5ef1c45a1329936,29800166
882,fa7665c0e30ef6d6a8651c54c264c75b,29875887
883,2b27ca160f7cb9116e3055479da175cb,29987281
884,53456f86f6e1e7d74c9329581e37ee76,29996227
885,ce31e83fd56270e28d74e8050b065bb0,30080398
886,8a5b7ce04c8a3819c55a753e46042534,30116563
887,fbe641b3765c7c66800d1fd44a2a15ad,30119436
888,c649e2e9da00eb0c4b938ba9ccde9976,30256381
889,e9c8257c5dd8aeaa5f78924183b246e0,30260222
890,90de57fa1629588bb89b9cacba780618,30263759
891,b3f66e388c2d74efe5225fa7b8fc3f5a,30279198
892,e644336751c52b65ea489ebad6c7f66c,30283007
893,5f4afaaaabd5832bc8e24155ab30f631,30287009
894,8161c2aa8bdaeed264d62bc228b34f5a,30296541
895,3b5a74207763f7794ad61b3ce578dba0,30342445
896,eb7d7bfe82777c302007a14d4e2a46fc,30346457
897,7b6eb0db6920c30adfc9965f2156e022,30347895
898,cf408d6abe93d5647ce23e40a291584a,30556116
899,27f8ad55c62c7d209c71fac3680a959a,30729750
900,e88297fe54201bab26e9c991efbc87ad,30816140
901,5b50c0fd1036af78a99873e9300e1ac7,30817531
902,5e4016ce3eaf259023e22e08d8800f51,31126041
903,11b9e74ec8074b86568bd4dadd54047a,31129711
904,2077ffe500934c87932f27a72ec8e75c,31142202
905,cb51fb56c40143bd4cc14ba26ae9db97,31195884
906,0c4e62ac5f9d0984c52b6462c817d414,31286743
907,16e7ab12bc208934316927350f5322c6,31326696
908,3d98e956eb48084b9314f5c27dfe71e6,31335149
909,cc6b2d89d0c0fd08e2bf2fec0b538495,31422585
910,2c60ff22ff041f82c1c5b4fb727fc2c0,31439982
911,722c60bb946a1504bf95c6f4b92ef2cd,31450423
912,35b51cf50c78f90bb642dd84915ae68f,31453332
913,b2a5452273c0166608fabdc36a1b9c34,31454747
914,93c5768f2f68356218637cf2f396358e,31500528
915,20bb9deed93394ea8a7a24fb42ecdd93,31594868
916,9274c6ee56c5fac6efc59a05142ef9f7,31742563
917,6f4e2a1069ebe4853143fb2800b1188e,31827477
918,9d913f85db441ae0084670e6965f83cc,31848289
919,a317eb9b9645eec0691cb4de5dc6c3dc,31921642
920,2b9a5d76295dad5eb8806cb2d4d5b717,31950508
921,a945fef0bf52a346d6591731b026d463,32033867
922,25d3d1907003d386c542e3b5ec12748c,32052473
923,42b274bc33d4e7b2adfddf7dc6ef53a3,32058918
924,598723db892f723fa10d055d3ad6c433,32060098
925,59e86e3c339549dad28cee9fcdff745a,32076174
926,ca0f2273373e37559b7d72ae336a08e0,32202430
927,192706386a7656682d33b8ccd55e7012,32322180
928,ea5f51b87dae038e4685922bef72c592,32330254
929,51ed48c34b7d23489a24413e45dccba5,32498283
930,d9ee7bf5eb0d360cf1b008cb0f83f9bc,32572788
931,b098a74b13f9abbabcf1e7667656aa0b,32695048
932,ac1d836db08982a024ce95dbdeed2bed,32800393
933,0793a6e1ffaedd1a97596a67721f6dc2,32800665
934,56d45d70afa63ea65ed75a50d54329f0,32824091
935,02cb514a882a7fdf8b1a21138f2ddc3d,32828092
936,fde35bb3dcb9c32c2b62d5f2aae04347,32858909
937,50759942cf48942338217b9737f429be,32874379
938,5061373b676ec85363a463ee0028cdbb,32930447
939,8823e2b2a0d62eb5ef3444cc604cea82,32938304
940,92a2f6aa637c7a3bbd9f3c86be7d5c9c,32942009
941,05f3d42fa4ec640ee3cee1f238f21e12,33006560
942,4f2db72761a2cdb69694a627f3f540ae,33134156
943,0d1d903d2d8c2d291b542fd62d6e0b19,33198201
944,7c2e6c59fc217143ef65e0bff55a5230,33281256
945,c322277618c2074983816e631d45ae75,33283672
946,bfcd815aca15f3fb906c561c1a3ecab4,33288921
947,3ea8249dbc0f6f65eb126a8c18944f35,33410083
948,e3959c66e1bcdb0f58e7ab0fc9cb55c4,33510130
949,0f93fe86da7ece22302c036501b8a28f,33535549
950,0a5dad7514c8726016aa6d2da2fd6500,33549811
951,53da22e8862a7afc5990acbaabd0fd03,33641089
952,44a11d3b3426d24b4e40102849b73e94,33652206
953,9cda6a8d13bf1cefaeabde3e43e6323f,34004898
954,928984698762b003dd0cc2c3e219fe29,34207565
955,b327965d840b7d3bd9fb0e35e5b108e9,34212458
956,e3ad660a7810aa1d36f0047ad0b6dc7d,34267388
957,fc222d6c76a3963c81a31c43d9ab0635,34272190
958,eff3665747903cfb600d477989f0fc30,34408454
959,ba8122cd459b00e42e724e9420dea6f1,34433743
960,7a5d55304408f5561671242aa68c24f2,34513102
961,6acacdc4c1ad2839fbb49395037d524e,34518177
962,977256742d885116d802d116f69cd854,34528114
963,5ff5d2ef40c86d085be208f8f5d2b490,34546084
964,d2c3de4c810bb3ab118296ab955887d8,34610224
965,e2d0fe759dea7d2fb574a4e7962be826,34664325
966,6ea362d678b111c2246873478e5e9cd0,34729585
967,bd9799782045f337adc53dbdc9dc3219,34736531
968,0b3ae2083272ea210c756d0182be8c25,34819162
969,0577dd319a96cc0eb9f67448ffb7e76f,34825412
970,07294f3a9ef73c038fb8f88d316ed5ba,34851119
971,e934c426cb6680d3f8f1b22fe60c6e70,34856968
972,94063ce17afa14766a22dec6ea7d7c9f,34927192
973,4f650419388bd005451b28e99f33fc39,35036428
974,2e4a6604a7ccd741da6742dbac787814,35051647
975,828555b150d234557e237baff228604b,35088520
976,6b7c7ec4d8ef993d161ec57e77dcc028,35171754
977,2269d93ff97fee50d276c3d12183a8bd,35177647
978,1738d26d93d1d52d5af8a851c6cf6a01,35262162
979,dfeb8d3953b0099df020e7f4b0f88c6e,35286878
980,aaff9ba779795ecbb100321c53054051,35393379
981,56a492ba3bfede00b3181e4528541fdc,35424749
982,9e31ed1a6539053b603d50de331cb717,35428961
983,ccad873f6113417ed58f43773b70ecb3,35469403
984,8ae48449c73fe1bbf85eba2ba99bf8ae,35485245
985,34feddd7c1cf8b38cb330e79e51ebb2c,35495428
986,0529b0d2a5362a0e612843acd833462f,35522020
987,bc6bf7805afc69932fe7adfb3c81f492,35524244
988,1a5e46e6a2d76ef23c3c8ba7b0889b63,35529125
989,0d96ec2a021afadb93fc0aac91f76c4f,35594709
990,6dc2720f2b7ffc261f46947681632db7,35650747
991,187cf0129d9a19a3909ee6ac3f9e57fa,35669065
992,5f3064d126ccba315add5a8acb38aba0,35674875
993,3c69c76e5564edfdd88e40198cf41a2b,35705123
994,911aad336236ec6948886f9a11599584,35785521
995,cce66575257d9a2f8f9af881f2e0575b,36178861
996,bde7f2ce378ce0252a9e27f9cb2f67c5,36202978
997,e4caefc479fd984f42f0fad7f23198bc,36219062
998,ba386d57d130e17b08b9dacc50d6dbb0,36221861
999,32afd256fbb58a6bc4b5da79e57355ec,36310956
1000,6f544e1fe9f360dac174e40c0ac9ce3f,36392999
